BOOT_BUTTON,63.91,107.57,180.00,BUTTON_CUSYOMV1,MYBUTTON
C1,157.48,2.54,90.00,100nF,EAGLE-LTSPICE_C0402
C1-BAT1,71.12,20.32,90.00,4.7uF,ESP32_WROVER_EAGLE-LTSPICE_C0402
C10,27.94,106.68,90.00,100nF,EAGLE-LTSPICE_C0402
C10_SUPERCAP,99.06,50.80,270.00,CPH3225A,CAPCP3225X100N
C1_BAT,123.19,49.53,0.00,4.7uF,EAGLE-LTSPICE_C0402
C1_BAT2,69.85,20.32,90.00,4.7uF,ESP32_WROVER_EAGLE-LTSPICE_C0402
C2,158.75,2.54,90.00,100nF,EAGLE-LTSPICE_C0402
C2_BAT,130.81,54.61,90.00,4.7uF,EAGLE-LTSPICE_C0402
C3,62.23,13.97,0.00,"100uF TANT",CAPMP3216X180N
C4,95.25,34.29,90.00,4.7uF/25V,EAGLE-LTSPICE_C0402
C4-USB,147.32,52.07,90.00,100nF,ESP32_WROVER_EAGLE-LTSPICE_C0402
C5,44.45,106.68,90.00,1uF,EAGLE-LTSPICE_C0402
C5_USB,156.21,57.15,90.00,4.7uF,ESP32_WROVER_EAGLE-LTSPICE_C0402
C6,59.69,106.68,90.00,100nF,EAGLE-LTSPICE_C0402
C7,80.01,26.67,0.00,10uF,EAGLE-LTSPICE_C0402
C8,91.44,46.99,0.00,100nF,EAGLE-LTSPICE_C0402
C9,16.51,99.06,0.00,100nF,EAGLE-LTSPICE_C0402
CHANGE_BUTTON,23.95,107.57,180.00,BUTTON_CUSYOMV1,MYBUTTON
CHG_LED,123.19,52.07,90.00,,ADAFRUIT_CHIP-LED0603
C_DELAY,52.07,100.33,90.00,100nF,EAGLE-LTSPICE_C0402
D1,152.40,52.07,0.00,USBLC6-2SC6Y,SOT95P280X145-6N
D10,30.48,26.67,90.00,PGB1010603MR,DIOC1608X36N
D11,26.67,26.67,90.00,PGB1010603MR,DIOC1608X36N
D12,22.86,26.67,90.00,PGB1010603MR,DIOC1608X36N
D2,71.12,24.13,180.00,ESP32_WROVER_AVX---SD0805S020S1R0_AVX_SD0805S020S1R0_0_0AVX_SD0805S020S1R0_0_0,ESP32_WROVER_AVX---SD0805S020S1R0_AVX_SD0805S020S1R0_0
D3,81.28,38.10,180.00,MBR0530,SOD3716X135N
D4,90.17,35.56,180.00,MBR0530,SOD3716X135N
D5,90.17,30.48,0.00,MBR0530,SOD3716X135N
D6,38.10,26.67,90.00,PGB1010603MR,DIOC1608X36N
D7,91.44,64.77,0.00,ESP32_WROVER_AVX---SD0805S020S1R0_AVX_SD0805S020S1R0_0_0AVX_SD0805S020S1R0_0_0,ESP32_WROVER_AVX---SD0805S020S1R0_AVX_SD0805S020S1R0_0
D8,41.91,26.67,90.00,PGB1010603MR,DIOC1608X36N
D9,34.29,26.67,90.00,PGB1010603MR,DIOC1608X36N
EPD_C1,19.05,74.93,0.00,1uF/50V,EAGLE-LTSPICE_C0402
EPD_C10,80.01,19.05,90.00,1uF/50V,EAGLE-LTSPICE_C0402
EPD_C11,77.47,19.05,90.00,1uF/50V,EAGLE-LTSPICE_C0402
EPD_C12,74.93,19.05,90.00,1uF/50V,EAGLE-LTSPICE_C0402
EPD_C2,10.16,74.93,0.00,1uF/50V,EAGLE-LTSPICE_C0402
EPD_C5,92.71,19.05,90.00,1uF/50V,EAGLE-LTSPICE_C0402
EPD_C6,90.17,19.05,90.00,1uF/50V,EAGLE-LTSPICE_C0402
EPD_C7,87.63,19.05,90.00,1uF/50V,EAGLE-LTSPICE_C0402
EPD_C8,85.09,19.05,90.00,1uF/50V,EAGLE-LTSPICE_C0402
EPD_C9,82.55,19.05,90.00,1uF/50V,EAGLE-LTSPICE_C0402
IC1,48.26,100.33,0.00,BD5229G-TR,SOT95P280X125-5N
IC4,123.19,41.91,0.00,XC6220A331MR-G,SOT95P280X120-5N
J1,85.09,14.17,0.00,FH34SRJ-24S-0.5SH_99_,FH34SRJ24S05SH99
J2,166.19,54.31,90.00,SAMACSYS_PARTS_USB4110-GF-A,SAMACSYS_PARTS_USB4110GFA
J3,167.12,19.35,90.00,QWIIC_RIGHT_ANGLE,JST04_1MM_RA
J4,8.38,88.63,270.00,112A-TAAR-R03_ATTEND,112ATAARR03ATTEND
L1,81.28,31.75,270.00,68uH,IND_4828-WE-TPC_WRE
MCP73831,128.27,50.80,90.00,ESP32_WROVER_SPARKFUN-IC-POWER_MCP73831,ESP32_WROVER_SPARKFUN-IC-POWER_SOT23-5
PFMF.050.1,152.40,44.45,0.00,ESP32C6_VARISTORCN1812,ESP32C6_VARISTOR_CT/CN1812
Q1,74.98,27.94,270.00,20V/4.2A/52mΩ/1.4W,ESP32_WROVER_SPARKFUN-DISCRETESEMI_SOT23-3
Q2,134.62,48.31,0.00,20V/4.2A/52mΩ/1.4W,ESP32_WROVER_SPARKFUN-DISCRETESEMI_SOT23-3
Q3,67.31,17.78,90.00,SI1308EDL-T1-GE3,SOT65P210X110-3N
R1,23.93,40.61,90.00,10K,ESP32_WROVER_EAGLE-LTSPICE_R0402
R10,41.91,33.02,90.00,10K,ESP32_WROVER_EAGLE-LTSPICE_R0402
R1_BAT,118.11,52.07,0.00,200,ESP32_WROVER_EAGLE-LTSPICE_R0402
R1_PINH,91.44,62.23,0.00,10K,ESP32_WROVER_EAGLE-LTSPICE_R0402
R1_PINH1,161.29,2.54,90.00,10K,ESP32_WROVER_EAGLE-LTSPICE_R0402
R1_PWRUSB,71.12,16.51,0.00,100K,ESP32_WROVER_EAGLE-LTSPICE_R0402
R2,66.04,11.43,90.00,2.2,ESP32_WROVER_EAGLE-LTSPICE_R0402
R2-PINH,95.25,59.69,90.00,10K,ESP32_WROVER_EAGLE-LTSPICE_R0402
R2-PINH1,160.02,2.54,90.00,10K,ESP32_WROVER_EAGLE-LTSPICE_R0402
R2-USB,152.40,46.99,0.00,5k1,ESP32_WROVER_EAGLE-LTSPICE_R0402
R2-USB1,152.40,48.26,0.00,5k1,ESP32_WROVER_EAGLE-LTSPICE_R0402
R2_BAT,128.27,45.72,90.00,2K,ESP32_WROVER_EAGLE-LTSPICE_R0402
R3,68.58,27.94,90.00,0.47,ESP32_WROVER_EAGLE-LTSPICE_R0402
R4,71.12,27.94,90.00,10K,ESP32_WROVER_EAGLE-LTSPICE_R0402
R5,34.29,33.02,90.00,10K,ESP32_WROVER_EAGLE-LTSPICE_R0402
R6,30.48,33.02,90.00,10K,ESP32_WROVER_EAGLE-LTSPICE_R0402
R7,26.67,33.02,90.00,10K,ESP32_WROVER_EAGLE-LTSPICE_R0402
R8,22.86,33.02,90.00,10K,ESP32_WROVER_EAGLE-LTSPICE_R0402
R9,38.10,33.02,90.00,10K,ESP32_WROVER_EAGLE-LTSPICE_R0402
RESET_BUTTON,49.02,107.57,180.00,BUTTON_CUSYOMV1,MYBUTTON
R_BOOT,68.58,106.68,90.00,10K,ESP32_WROVER_EAGLE-LTSPICE_R0402
R_CAPACITOR,95.25,49.53,90.00,15,ESP32_WROVER_EAGLE-LTSPICE_R0402
R_CHANGE,20.32,106.68,90.00,10K,ESP32_WROVER_EAGLE-LTSPICE_R0402
R_CL1,133.35,39.37,90.00,10K,ESP32_WROVER_EAGLE-LTSPICE_R0402
R_RESET,53.34,106.68,90.00,10K,ESP32_WROVER_EAGLE-LTSPICE_R0402
SENSOR2,158.76,11.43,90.00,ESP32_WROVER_BME680_BME680,ESP32_WROVER_BME680_PSON80P300X300X100-8N
SJ1,62.23,10.16,0.00,,SJ
TP1,68.58,96.52,0.00,TPTP20R,TP20R
TP10,135.66,6.75,0.00,TPTP20R,TP20R
TP11,128.48,6.95,0.00,TPTP20R,TP20R
TP12,122.80,7.35,0.00,TPTP20R,TP20R
TP13,40.64,7.62,0.00,TPTP20R,TP20R
TP14,35.56,7.62,0.00,TPTP20R,TP20R
TP15,30.48,7.62,0.00,TPTP20R,TP20R
TP16,39.37,12.70,0.00,TPTP20R,TP20R
TP17,33.02,12.70,0.00,TPTP20R,TP20R
TP2,73.66,96.52,0.00,TPTP20R,TP20R
TP3,78.74,96.52,0.00,TPTP20R,TP20R
TP4,68.58,90.17,0.00,TPTP20R,TP20R
TP5,73.66,90.17,0.00,TPTP20R,TP20R
TP6,78.74,90.17,0.00,TPTP20R,TP20R
TP7,133.35,62.23,0.00,TPTP20R,TP20R
TP8,138.43,62.23,0.00,TPTP20R,TP20R
TP9,142.98,61.83,0.00,TPTP20R,TP20R
U1,38.10,53.34,0.00,W25Q512JVEIQ,SON127P600X800X80-9N
U2,15.97,52.44,90.00,ESP32-C6-WROOM-1-N8,XCVR_ESP32-C6-WROOM-1-N8
U3,87.63,54.61,270.00,DS3231SN#,SOIC127P1032X265-16N
U4,137.16,54.61,0.00,MAX17048G+T10,SON50P200X200X80-9N
